Id,y,x1,x2,x3,x4,x5
0,3.5796196352704994,0.019999999999999907,0.04999999999999993,-0.09000000000000008,-0.43000000000000005,-0.08000000000000007
1,0.7348690113560603,-0.13000000000000006,0.10999999999999999,-0.08000000000000007,-0.29000000000000004,-0.030000000000000027
2,4.287433207715447,0.07999999999999996,0.05999999999999994,-0.07000000000000006,-0.41000000000000003,-0.030000000000000027
3,8.347827285440081,0.019999999999999907,-0.12000000000000005,0.009999999999999898,-0.43000000000000005,-0.020000000000000018
4,-0.052718003402344005,-0.14000000000000007,-0.12000000000000005,-0.08000000000000007,-0.020000000000000018,-0.08000000000000007
5,-0.3988137746167302,-0.050000000000000044,-0.16000000000000003,0.0,-0.39,-0.07000000000000006
6,9.093154594748942,-0.06000000000000005,-0.020000000000000018,-0.08000000000000007,0.08999999999999997,-0.030000000000000027
7,4.718591649164498,-0.08000000000000007,-0.11000000000000004,0.029999999999999916,-0.36000000000000004,0.019999999999999907
8,-1.441420919545588,-0.010000000000000009,-0.06000000000000005,0.09999999999999998,-0.20000000000000007,-0.07000000000000006
9,3.538318221329778,-0.16000000000000003,-0.17000000000000004,0.039999999999999925,-0.41000000000000003,0.019999999999999907
10,-1.4378179468503278,-0.13000000000000006,-0.17000000000000004,-0.020000000000000018,-0.3500000000000001,-0.030000000000000027
11,-1.5187367134541854,-0.14000000000000007,-0.19000000000000006,0.029999999999999916,-0.36000000000000004,-0.040000000000000036
12,2.208801875042154,-0.16000000000000003,-0.14000000000000007,0.009999999999999898,-0.21000000000000008,-0.030000000000000027
13,-8.741030706077007,0.039999999999999925,-0.16000000000000003,-0.040000000000000036,-0.10000000000000003,-0.030000000000000027
14,-7.65825703827337,0.09999999999999998,-0.010000000000000009,-0.11000000000000004,-0.37000000000000005,-0.10000000000000003
15,-1.9283553708379095,-0.10000000000000003,-0.12000000000000005,-0.040000000000000036,-0.45000000000000007,-0.06000000000000005
16,-4.259104591542946,-0.09000000000000008,-0.17000000000000004,-0.06000000000000005,-0.45000000000000007,-0.07000000000000006
17,2.3636992957778022,0.019999999999999907,-0.09000000000000008,-0.020000000000000018,-0.45000000000000007,-0.050000000000000044
18,-3.826269367476882,-0.06000000000000005,-0.22000000000000003,-0.010000000000000009,-0.3500000000000001,-0.07000000000000006
19,-6.027536231309504,0.04999999999999993,0.039999999999999925,-0.010000000000000009,-0.3500000000000001,-0.06000000000000005
20,8.205126119974723,-0.11000000000000004,-0.16000000000000003,-0.06000000000000005,-0.4,-0.06000000000000005
21,-0.11239886963124568,-0.13000000000000006,-0.12000000000000005,-0.08000000000000007,-0.3400000000000001,-0.050000000000000044
22,1.4458120335687918,0.16999999999999993,0.06999999999999995,-0.14000000000000007,-0.26000000000000006,-0.07000000000000006
23,-6.044186430854785,-0.13000000000000006,-0.030000000000000027,-0.040000000000000036,-0.43000000000000005,-0.010000000000000009
24,-1.6601956192259586,-0.10000000000000003,-0.030000000000000027,-0.040000000000000036,-0.41000000000000003,0.019999999999999907
25,1.663410951949285,-0.050000000000000044,-0.050000000000000044,-0.040000000000000036,-0.050000000000000044,-0.020000000000000018
26,-4.94531736989953,0.029999999999999916,-0.11000000000000004,-0.030000000000000027,-0.37000000000000005,0.029999999999999916
27,2.6792327245297924,0.009999999999999898,-0.09000000000000008,0.039999999999999925,-0.38000000000000006,-0.050000000000000044
28,-1.873562439464852,0.06999999999999995,0.10999999999999999,0.009999999999999898,-0.32000000000000006,-0.07000000000000006
29,0.07521125103361603,0.24,0.31999999999999995,-0.20000000000000007,-0.17000000000000004,0.0
30,-1.9647385609344854,-0.030000000000000027,-0.020000000000000018,-0.13000000000000006,-0.4600000000000001,0.009999999999999898
31,10.367902976941787,-0.050000000000000044,-0.050000000000000044,-0.13000000000000006,0.30999999999999994,-0.040000000000000036
32,1.117604393522314,-0.18000000000000005,0.04999999999999993,0.04999999999999993,-0.44000000000000006,-0.030000000000000027
33,-3.9297120119780695,-0.23000000000000004,-0.010000000000000009,-0.050000000000000044,-0.13000000000000006,-0.050000000000000044
34,5.331621126310487,0.21999999999999997,0.17999999999999994,-0.14000000000000007,-0.30000000000000004,-0.13000000000000006
35,-4.968528091786666,0.17999999999999994,0.10999999999999999,-0.09000000000000008,-0.22000000000000003,-0.14000000000000007
36,2.106335978423732,0.15999999999999992,0.04999999999999993,-0.11000000000000004,-0.26000000000000006,-0.020000000000000018
37,-8.829270619398878,-0.16000000000000003,-0.11000000000000004,0.009999999999999898,-0.38000000000000006,0.0
38,-5.519367969125199,0.029999999999999916,-0.030000000000000027,-0.13000000000000006,-0.12000000000000005,-0.06000000000000005
39,2.0191566965576015,0.009999999999999898,-0.030000000000000027,-0.030000000000000027,-0.22000000000000003,-0.030000000000000027
40,4.746410903377007,0.29999999999999993,0.12,-0.17000000000000004,-0.32000000000000006,-0.020000000000000018
41,1.9754359061623519,0.29999999999999993,0.17999999999999994,-0.050000000000000044,-0.16000000000000003,-0.010000000000000009
42,0.3678091052707809,0.22999999999999998,0.009999999999999898,-0.15000000000000008,-0.28,0.029999999999999916
43,-0.23953584514501114,-0.15000000000000008,-0.020000000000000018,-0.17000000000000004,-0.36000000000000004,-0.050000000000000044
44,-6.536161081622802,-0.19000000000000006,-0.20000000000000007,0.0,-0.38000000000000006,-0.08000000000000007
45,-2.916905148137426,-0.030000000000000027,-0.25000000000000006,0.019999999999999907,-0.17000000000000004,-0.09000000000000008
46,-1.092287940277368,0.17999999999999994,0.18999999999999995,0.019999999999999907,-0.09000000000000008,-0.16000000000000003
47,6.156960001308914,-0.07000000000000006,-0.17000000000000004,-0.040000000000000036,-0.2700000000000001,-0.08000000000000007
48,2.6352694512422614,0.17999999999999994,0.009999999999999898,-0.050000000000000044,-0.28,0.019999999999999907
49,-8.044718501446717,-0.14000000000000007,-0.32000000000000006,-0.22000000000000003,-0.4,-0.06000000000000005
50,2.4718119013710735,-0.08000000000000007,-0.17000000000000004,-0.050000000000000044,-0.3500000000000001,-0.040000000000000036
51,-0.7619393476844838,-0.15000000000000008,-0.030000000000000027,-0.11000000000000004,-0.42000000000000004,-0.040000000000000036
52,-2.3326555013172943,-0.11000000000000004,-0.10000000000000003,-0.010000000000000009,-0.13000000000000006,-0.010000000000000009
53,3.950664077005772,0.0,-0.08000000000000007,0.019999999999999907,-0.29000000000000004,-0.050000000000000044
54,6.142229736771547,0.07999999999999996,0.029999999999999916,0.0,-0.33000000000000007,-0.10000000000000003
55,5.587638205538909,0.07999999999999996,0.0,0.0,-0.3400000000000001,-0.11000000000000004
56,-3.2037166059840203,0.09999999999999998,0.05999999999999994,-0.07000000000000006,-0.4600000000000001,-0.07000000000000006
57,-0.6071073790435737,-0.030000000000000027,-0.12000000000000005,-0.050000000000000044,-0.23000000000000004,-0.010000000000000009
58,2.7504794323847737,-0.18000000000000005,-0.07000000000000006,-0.030000000000000027,-0.37000000000000005,-0.06000000000000005
59,6.190237690008894,-0.11000000000000004,0.019999999999999907,-0.08000000000000007,0.10999999999999999,-0.040000000000000036
60,-1.470353185826495,-0.13000000000000006,-0.21000000000000008,-0.040000000000000036,-0.040000000000000036,-0.020000000000000018
61,-0.0671972733611702,-0.19000000000000006,-0.24000000000000005,-0.09000000000000008,-0.38000000000000006,-0.11000000000000004
62,-4.561562815633042,-0.08000000000000007,-0.13000000000000006,-0.050000000000000044,-0.24000000000000005,-0.040000000000000036
63,-5.015955117003399,-0.15000000000000008,-0.10000000000000003,0.029999999999999916,-0.37000000000000005,0.019999999999999907
64,4.972301166368089,-0.020000000000000018,-0.08000000000000007,-0.12000000000000005,-0.48000000000000004,-0.040000000000000036
65,7.6952827756555475,0.039999999999999925,-0.09000000000000008,-0.11000000000000004,-0.3400000000000001,-0.050000000000000044
66,0.6269038923108301,-0.22000000000000003,-0.10000000000000003,0.009999999999999898,-0.4700000000000001,-0.010000000000000009
67,6.0300471222615535,-0.08000000000000007,-0.020000000000000018,-0.010000000000000009,-0.44000000000000006,-0.050000000000000044
68,2.56907462545067,-0.09000000000000008,-0.17000000000000004,0.029999999999999916,-0.41000000000000003,0.009999999999999898
69,-1.8472787730256215,0.25,0.2899999999999999,-0.09000000000000008,-0.19000000000000006,0.0
70,2.7168580275420697,-0.08000000000000007,-0.14000000000000007,-0.040000000000000036,-0.32000000000000006,0.0
71,8.685277332542345,0.019999999999999907,-0.050000000000000044,-0.07000000000000006,-0.29000000000000004,0.009999999999999898
72,0.8822056982863593,0.039999999999999925,-0.06000000000000005,-0.12000000000000005,0.04999999999999993,-0.09000000000000008
73,9.037054172906148,-0.11000000000000004,-0.010000000000000009,-0.020000000000000018,0.09999999999999998,-0.09000000000000008
74,-12.108613116163252,-0.10000000000000003,-0.07000000000000006,0.019999999999999907,-0.33000000000000007,-0.12000000000000005
75,5.053442679944563,-0.07000000000000006,-0.14000000000000007,0.0,-0.010000000000000009,-0.14000000000000007
76,1.4171376165578102,0.06999999999999995,-0.030000000000000027,-0.020000000000000018,-0.16000000000000003,-0.06000000000000005
77,-0.3326941195279043,-0.06000000000000005,-0.020000000000000018,-0.030000000000000027,-0.020000000000000018,-0.050000000000000044
78,1.4596841659994535,0.06999999999999995,0.009999999999999898,0.029999999999999916,-0.16000000000000003,-0.18000000000000005
79,-8.640995702790129,-0.13000000000000006,0.009999999999999898,-0.050000000000000044,-0.07000000000000006,-0.08000000000000007
80,-0.08386892197557616,-0.08000000000000007,-0.11000000000000004,-0.010000000000000009,-0.06000000000000005,-0.030000000000000027
81,3.0618149818505254,-0.06000000000000005,0.019999999999999907,-0.10000000000000003,-0.10000000000000003,-0.10000000000000003
82,8.485488227107535,-0.050000000000000044,-0.020000000000000018,0.039999999999999925,0.009999999999999898,0.019999999999999907
83,-1.6154789670764438,-0.020000000000000018,-0.040000000000000036,0.06999999999999995,-0.19000000000000006,-0.10000000000000003
84,-2.831505739098984,0.10999999999999999,0.05999999999999994,-0.16000000000000003,-0.13000000000000006,-0.06000000000000005
85,-0.9392425851212498,-0.28,0.019999999999999907,-0.3500000000000001,-0.43000000000000005,-0.050000000000000044
86,5.70548508872287,-0.17000000000000004,-0.12000000000000005,-0.21000000000000008,-0.4,-0.010000000000000009
87,2.651198181099855,0.24,0.06999999999999995,-0.11000000000000004,-0.2700000000000001,-0.050000000000000044
88,-1.6222183860337611,-0.06000000000000005,-0.040000000000000036,0.029999999999999916,-0.26000000000000006,-0.050000000000000044
89,3.6858076827787642,-0.14000000000000007,-0.09000000000000008,-0.040000000000000036,-0.15000000000000008,-0.030000000000000027
90,1.5791503795416348,-0.20000000000000007,-0.10000000000000003,0.05999999999999994,-0.10000000000000003,-0.050000000000000044
91,5.736637007061545,-0.10000000000000003,-0.18000000000000005,-0.09000000000000008,-0.3400000000000001,-0.040000000000000036
92,-2.5243278594288467,-0.16000000000000003,-0.11000000000000004,0.0,-0.36000000000000004,-0.11000000000000004
93,-0.6994186785917424,-0.23000000000000004,-0.13000000000000006,0.07999999999999996,-0.4,-0.040000000000000036
94,-0.715338490293834,-0.07000000000000006,0.04999999999999993,-0.07000000000000006,-0.31000000000000005,-0.06000000000000005
95,-6.042978174866051,-0.18000000000000005,-0.06000000000000005,-0.19000000000000006,-0.30000000000000004,-0.13000000000000006
96,2.6870535096146733,0.1299999999999999,0.1399999999999999,-0.040000000000000036,-0.20000000000000007,-0.10000000000000003
97,2.7257543642994015,0.04999999999999993,0.15999999999999992,-0.17000000000000004,-0.23000000000000004,0.019999999999999907
98,1.290717800424288,0.21999999999999997,0.18999999999999995,-0.16000000000000003,-0.28,-0.030000000000000027
99,-0.21399350696592667,0.07999999999999996,0.009999999999999898,0.009999999999999898,-0.29000000000000004,-0.19000000000000006
100,-5.640941305966599,-0.20000000000000007,0.019999999999999907,-0.21000000000000008,-0.32000000000000006,-0.12000000000000005
101,-1.0207556036976224,-0.20000000000000007,-0.13000000000000006,-0.17000000000000004,-0.44000000000000006,-0.07000000000000006
102,-0.5543793328864659,-0.09000000000000008,-0.040000000000000036,-0.06000000000000005,-0.16000000000000003,-0.15000000000000008
103,-3.446297475893759,-0.08000000000000007,-0.33000000000000007,0.009999999999999898,-0.29000000000000004,-0.08000000000000007
104,0.03738733550607143,-0.09000000000000008,-0.17000000000000004,-0.010000000000000009,-0.32000000000000006,-0.09000000000000008
105,3.3387463384697904,-0.12000000000000005,0.029999999999999916,-0.20000000000000007,-0.4,-0.040000000000000036
106,10.23650950605265,-0.14000000000000007,-0.21000000000000008,-0.020000000000000018,-0.38000000000000006,0.0
107,2.144951339526149,-0.26000000000000006,0.0,-0.010000000000000009,-0.38000000000000006,-0.06000000000000005
108,2.3584440080109204,0.08999999999999997,0.08999999999999997,-0.040000000000000036,-0.4,0.039999999999999925
109,1.0838249213816633,-0.29000000000000004,0.039999999999999925,-0.08000000000000007,-0.33000000000000007,-0.010000000000000009
110,-8.580273801128254,-0.11000000000000004,-0.15000000000000008,-0.06000000000000005,-0.10000000000000003,-0.06000000000000005
111,1.0691732555553486,-0.12000000000000005,-0.040000000000000036,-0.15000000000000008,-0.33000000000000007,-0.050000000000000044
112,1.1614999199194682,-0.26000000000000006,-0.24000000000000005,0.009999999999999898,-0.37000000000000005,-0.08000000000000007
113,13.441181572555603,-0.16000000000000003,-0.12000000000000005,-0.07000000000000006,-0.09000000000000008,-0.07000000000000006
114,0.09928723049148613,-0.11000000000000004,-0.050000000000000044,-0.06000000000000005,-0.4,-0.040000000000000036
115,2.5945077217972345,-0.11000000000000004,-0.11000000000000004,-0.06000000000000005,0.039999999999999925,-0.07000000000000006
116,1.0688770453099006,0.029999999999999916,0.10999999999999999,0.0,-0.15000000000000008,-0.09000000000000008
117,-4.8049413178833245,-0.09000000000000008,-0.09000000000000008,0.009999999999999898,-0.08000000000000007,-0.08000000000000007
118,6.925255682029162,-0.21000000000000008,-0.040000000000000036,-0.08000000000000007,-0.3400000000000001,-0.30000000000000004
119,4.559535680645855,-0.09000000000000008,-0.15000000000000008,0.09999999999999998,-0.30000000000000004,-0.030000000000000027
120,5.237502368016667,0.07999999999999996,0.05999999999999994,-0.2700000000000001,-0.28,-0.050000000000000044
121,-3.476945219576596,-0.010000000000000009,-0.030000000000000027,-0.010000000000000009,-0.10000000000000003,-0.040000000000000036
122,8.112222071892479,0.10999999999999999,0.05999999999999994,-0.020000000000000018,-0.13000000000000006,-0.030000000000000027
123,-5.82070479674942,0.029999999999999916,0.039999999999999925,-0.07000000000000006,-0.13000000000000006,-0.030000000000000027
124,4.176483472401307,-0.020000000000000018,-0.010000000000000009,-0.22000000000000003,-0.25000000000000006,-0.020000000000000018
125,12.034566999264229,0.019999999999999907,0.05999999999999994,-0.020000000000000018,-0.39,-0.08000000000000007
126,-4.080989571256343,-0.16000000000000003,-0.18000000000000005,-0.030000000000000027,-0.4,-0.040000000000000036
127,-1.3031381308018761,-0.10000000000000003,0.1499999999999999,-0.08000000000000007,-0.030000000000000027,-0.030000000000000027
128,1.3528944353961214,-0.030000000000000027,-0.050000000000000044,-0.010000000000000009,-0.51,-0.11000000000000004
129,-1.5509894003666602,-0.15000000000000008,-0.16000000000000003,0.029999999999999916,-0.09000000000000008,-0.08000000000000007
130,-6.591961261494546,-0.06000000000000005,0.07999999999999996,0.009999999999999898,-0.41000000000000003,-0.09000000000000008
131,1.7005658841593092,-0.16000000000000003,0.05999999999999994,-0.040000000000000036,-0.25000000000000006,-0.07000000000000006
132,-4.434025318883143,0.039999999999999925,-0.06000000000000005,0.009999999999999898,-0.31000000000000005,-0.15000000000000008
133,3.3486801565758624,0.05999999999999994,-0.050000000000000044,-0.040000000000000036,-0.14000000000000007,-0.020000000000000018
134,-3.3477585383675827,-0.21000000000000008,0.019999999999999907,-0.020000000000000018,-0.4,-0.050000000000000044
135,9.005570028487652,-0.22000000000000003,-0.020000000000000018,-0.06000000000000005,-0.3500000000000001,-0.020000000000000018
136,-2.619568458281231,-0.17000000000000004,0.019999999999999907,-0.06000000000000005,-0.30000000000000004,-0.020000000000000018
137,-0.5238170638163941,-0.08000000000000007,-0.020000000000000018,-0.06000000000000005,-0.39,-0.030000000000000027
138,4.905988362215303,-0.2700000000000001,-0.24000000000000005,0.019999999999999907,-0.41000000000000003,-0.06000000000000005
139,-5.471650572040604,-0.09000000000000008,-0.24000000000000005,0.07999999999999996,-0.26000000000000006,0.06999999999999995
140,2.1437355668567637,-0.17000000000000004,-0.09000000000000008,0.0,-0.4,-0.09000000000000008
141,7.52530827162464,0.019999999999999907,-0.08000000000000007,-0.050000000000000044,-0.09000000000000008,-0.010000000000000009
142,-7.065739607011595,0.07999999999999996,0.039999999999999925,0.009999999999999898,-0.37000000000000005,-0.13000000000000006
143,2.1230069026194363,-0.19000000000000006,-0.10000000000000003,-0.16000000000000003,-0.29000000000000004,-0.11000000000000004
144,2.457511974642072,-0.13000000000000006,0.009999999999999898,-0.030000000000000027,-0.4,-0.020000000000000018
145,4.77538641328365,-0.28,-0.19000000000000006,0.04999999999999993,-0.4700000000000001,-0.040000000000000036
146,-5.335155944432494,0.029999999999999916,-0.08000000000000007,-0.06000000000000005,-0.42000000000000004,-0.11000000000000004
147,-5.317485062021428,-0.17000000000000004,-0.010000000000000009,-0.08000000000000007,-0.25000000000000006,-0.020000000000000018
148,3.731658345296472,-0.30000000000000004,-0.20000000000000007,-0.09000000000000008,-0.22000000000000003,-0.030000000000000027
149,2.2176856415328845,-0.050000000000000044,-0.22000000000000003,-0.06000000000000005,-0.37000000000000005,-0.06000000000000005
150,2.1335531219437183,0.019999999999999907,-0.06000000000000005,-0.06000000000000005,-0.44000000000000006,-0.08000000000000007
151,2.566219050884833,-0.12000000000000005,-0.17000000000000004,-0.030000000000000027,-0.42000000000000004,-0.020000000000000018
152,-2.361174737678118,-0.15000000000000008,-0.17000000000000004,-0.12000000000000005,-0.22000000000000003,-0.08000000000000007
153,2.1270464892049725,-0.11000000000000004,-0.13000000000000006,-0.050000000000000044,-0.32000000000000006,-0.020000000000000018
154,2.93653288370539,-0.20000000000000007,0.12,-0.10000000000000003,-0.4,-0.030000000000000027
155,-2.8197665729198556,-0.14000000000000007,-0.25000000000000006,-0.06000000000000005,-0.41000000000000003,-0.030000000000000027
156,10.196843565852955,-0.14000000000000007,-0.13000000000000006,0.0,-0.4600000000000001,-0.07000000000000006
157,3.6409551217709213,0.10999999999999999,0.1499999999999999,-0.040000000000000036,0.08999999999999997,-0.030000000000000027
158,-5.029348615798907,-0.07000000000000006,-0.09000000000000008,-0.030000000000000027,-0.4,-0.08000000000000007
159,4.337918560381132,0.1499999999999999,0.029999999999999916,-0.08000000000000007,-0.13000000000000006,0.029999999999999916
160,-4.050410347736653,-0.16000000000000003,-0.14000000000000007,0.1499999999999999,-0.3500000000000001,-0.020000000000000018
161,4.7584210221122145,-0.16000000000000003,-0.14000000000000007,0.1499999999999999,-0.3500000000000001,-0.020000000000000018
162,6.759489949434119,-0.020000000000000018,-0.07000000000000006,-0.07000000000000006,-0.36000000000000004,-0.040000000000000036
163,-3.037999537361454,-0.14000000000000007,-0.050000000000000044,-0.06000000000000005,-0.44000000000000006,-0.040000000000000036
164,5.741760646221609,0.009999999999999898,-0.050000000000000044,-0.030000000000000027,-0.38000000000000006,0.0
165,3.1519046346824915,-0.21000000000000008,-0.11000000000000004,-0.13000000000000006,-0.45000000000000007,0.0
166,5.140571810101623,-0.14000000000000007,-0.14000000000000007,-0.14000000000000007,-0.36000000000000004,-0.07000000000000006
167,10.92870754607117,-0.30000000000000004,-0.06000000000000005,-0.23000000000000004,-0.28,-0.050000000000000044
168,-0.049869569885179876,-0.17000000000000004,-0.14000000000000007,-0.18000000000000005,-0.16000000000000003,-0.07000000000000006
169,-2.4991181889860146,-0.30000000000000004,-0.12000000000000005,-0.26000000000000006,-0.45000000000000007,-0.050000000000000044
170,-3.3414295153261833,-0.25000000000000006,-0.12000000000000005,-0.030000000000000027,-0.33000000000000007,-0.050000000000000044
171,-2.8108955309910746,-0.08000000000000007,0.04999999999999993,-0.12000000000000005,-0.36000000000000004,-0.09000000000000008
172,0.39702246305865146,0.09999999999999998,-0.11000000000000004,-0.06000000000000005,-0.33000000000000007,-0.07000000000000006
173,2.7744421494501736,-0.3500000000000001,-0.15000000000000008,-0.010000000000000009,-0.45000000000000007,-0.06000000000000005
174,2.9683445138620788,-0.18000000000000005,0.12,-0.12000000000000005,-0.11000000000000004,-0.030000000000000027
175,5.088606762392103,-0.12000000000000005,-0.18000000000000005,-0.08000000000000007,-0.24000000000000005,-0.030000000000000027
176,0.9747815137866337,-0.25000000000000006,-0.25000000000000006,0.0,-0.23000000000000004,-0.040000000000000036
177,8.053753018588017,-0.07000000000000006,-0.25000000000000006,-0.07000000000000006,-0.21000000000000008,-0.050000000000000044
178,-0.4426331560606077,-0.18000000000000005,-0.19000000000000006,0.0,-0.3500000000000001,-0.07000000000000006
179,14.633001726784212,-0.17000000000000004,-0.16000000000000003,-0.030000000000000027,0.10999999999999999,-0.09000000000000008
180,3.98250879322213,-0.32000000000000006,-0.22000000000000003,0.1299999999999999,-0.38000000000000006,-0.040000000000000036
181,-3.429571888245296,-0.07000000000000006,-0.13000000000000006,-0.050000000000000044,-0.43000000000000005,-0.09000000000000008
182,-4.6090136200912255,-0.020000000000000018,-0.18000000000000005,-0.040000000000000036,-0.38000000000000006,-0.08000000000000007
183,3.69761259342791,-0.13000000000000006,0.009999999999999898,-0.030000000000000027,-0.030000000000000027,-0.030000000000000027
184,0.08145812776784433,-0.08000000000000007,0.07999999999999996,0.04999999999999993,-0.33000000000000007,0.039999999999999925
185,4.833614524857559,-0.25000000000000006,-0.010000000000000009,-0.040000000000000036,-0.39,-0.040000000000000036
186,3.6563786400797076,-0.24000000000000005,0.009999999999999898,-0.06000000000000005,-0.41000000000000003,-0.030000000000000027
187,0.7117274911127349,-0.24000000000000005,-0.14000000000000007,-0.040000000000000036,-0.32000000000000006,0.039999999999999925
188,-3.2857140901295256,0.029999999999999916,-0.06000000000000005,-0.040000000000000036,-0.28,-0.010000000000000009
189,-6.621961623216824,-0.19000000000000006,-0.14000000000000007,-0.050000000000000044,-0.45000000000000007,0.009999999999999898
190,-1.009103750205933,0.18999999999999995,0.1399999999999999,-0.18000000000000005,-0.29000000000000004,-0.07000000000000006
191,5.767373971617362,0.04999999999999993,0.15999999999999992,-0.25000000000000006,-0.23000000000000004,0.0
192,1.9410432208635189,-0.12000000000000005,-0.14000000000000007,0.039999999999999925,-0.3500000000000001,0.009999999999999898
193,-5.120439393347441,-0.040000000000000036,-0.050000000000000044,-0.050000000000000044,-0.020000000000000018,-0.010000000000000009
194,1.991247262057343,0.06999999999999995,0.0,-0.11000000000000004,0.019999999999999907,-0.050000000000000044
195,3.0905845086020993,-0.040000000000000036,0.0,-0.020000000000000018,-0.030000000000000027,-0.11000000000000004
196,-3.318056170876493,0.019999999999999907,0.019999999999999907,0.019999999999999907,-0.07000000000000006,-0.07000000000000006
197,1.9323055297276395,0.15999999999999992,0.05999999999999994,-0.22000000000000003,-0.2700000000000001,0.0
198,1.4179380924424987,0.15999999999999992,0.04999999999999993,-0.19000000000000006,-0.26000000000000006,0.009999999999999898
199,-4.61610261893878,-0.10000000000000003,-0.13000000000000006,-0.18000000000000005,-0.23000000000000004,-0.08000000000000007
200,2.973148856138515,0.009999999999999898,0.009999999999999898,-0.12000000000000005,-0.19000000000000006,-0.040000000000000036
201,3.4320285463627416,-0.14000000000000007,-0.25000000000000006,0.05999999999999994,-0.44000000000000006,-0.16000000000000003
202,6.510068270273484,-0.07000000000000006,-0.10000000000000003,-0.11000000000000004,-0.11000000000000004,-0.040000000000000036
203,6.6704823844663075,-0.14000000000000007,0.019999999999999907,-0.15000000000000008,0.08999999999999997,-0.10000000000000003
204,-5.640964206984023,0.029999999999999916,0.04999999999999993,-0.22000000000000003,-0.3400000000000001,-0.050000000000000044
205,-3.0803825667741807,-0.040000000000000036,0.20999999999999996,-0.18000000000000005,-0.22000000000000003,-0.050000000000000044
206,3.644745206257635,-0.06000000000000005,-0.040000000000000036,0.039999999999999925,-0.050000000000000044,-0.08000000000000007
207,3.9136637092600775,-0.07000000000000006,0.039999999999999925,-0.13000000000000006,0.0,-0.20000000000000007
208,3.5864685895986845,-0.06000000000000005,-0.15000000000000008,-0.12000000000000005,-0.06000000000000005,-0.14000000000000007
209,20.15225972864056,-0.06000000000000005,-0.16000000000000003,0.0,0.1399999999999999,-0.06000000000000005
210,4.286984957751307,-0.19000000000000006,0.019999999999999907,-0.12000000000000005,-0.050000000000000044,-0.12000000000000005
211,6.702390476269949,-0.010000000000000009,-0.11000000000000004,-0.11000000000000004,-0.020000000000000018,-0.06000000000000005
212,5.986140941757805,0.10999999999999999,0.12,-0.10000000000000003,-0.2700000000000001,-0.10000000000000003
213,4.331305126743326,-0.030000000000000027,-0.050000000000000044,-0.10000000000000003,-0.28,-0.08000000000000007
214,-0.12234821980177335,-0.21000000000000008,0.09999999999999998,-0.07000000000000006,-0.3500000000000001,-0.020000000000000018
215,4.491940602678836,-0.040000000000000036,-0.16000000000000003,0.039999999999999925,-0.44000000000000006,-0.010000000000000009
216,-2.693377202473523,0.20999999999999996,0.22999999999999998,0.019999999999999907,-0.33000000000000007,-0.08000000000000007
217,-0.17571303370004432,-0.09000000000000008,-0.10000000000000003,0.029999999999999916,-0.07000000000000006,0.0
218,-0.9915232389330182,0.16999999999999993,0.2699999999999999,-0.13000000000000006,-0.26000000000000006,-0.010000000000000009
219,1.4978612141435965,0.21999999999999997,0.17999999999999994,0.019999999999999907,-0.31000000000000005,-0.030000000000000027
220,12.64106488776464,0.1399999999999999,0.08999999999999997,-0.020000000000000018,-0.28,0.039999999999999925
221,-8.154263687591786,-0.09000000000000008,-0.020000000000000018,-0.19000000000000006,-0.42000000000000004,-0.06000000000000005
222,4.415073076164361,0.0,-0.040000000000000036,-0.08000000000000007,-0.39,-0.10000000000000003
223,-7.3272134414266885,0.009999999999999898,-0.15000000000000008,0.029999999999999916,-0.32000000000000006,-0.16000000000000003
224,-1.6193491708787227,0.0,-0.15000000000000008,0.019999999999999907,-0.3500000000000001,-0.14000000000000007
225,6.467535617638263,0.019999999999999907,0.0,-0.11000000000000004,-0.44000000000000006,-0.050000000000000044
226,0.9998166612718556,-0.030000000000000027,-0.18000000000000005,0.09999999999999998,-0.31000000000000005,-0.13000000000000006
227,-4.539889934947498,-0.22000000000000003,-0.20000000000000007,-0.020000000000000018,-0.45000000000000007,-0.20000000000000007
228,-2.440106491902742,0.1299999999999999,0.04999999999999993,-0.18000000000000005,-0.29000000000000004,-0.040000000000000036
229,4.508578902741824,-0.19000000000000006,-0.030000000000000027,0.039999999999999925,-0.37000000000000005,-0.14000000000000007
230,-2.6675505257842502,-0.15000000000000008,-0.11000000000000004,-0.030000000000000027,-0.39,-0.050000000000000044
231,2.2992952232768284,-0.25000000000000006,-0.10000000000000003,-0.020000000000000018,-0.040000000000000036,-0.06000000000000005
232,1.2737136997315681,-0.20000000000000007,-0.19000000000000006,-0.23000000000000004,-0.42000000000000004,0.009999999999999898
233,-2.0839696137372927,0.2599999999999999,0.21999999999999997,-0.07000000000000006,-0.33000000000000007,-0.10000000000000003
234,11.80315257091842,0.2599999999999999,0.18999999999999995,-0.020000000000000018,-0.33000000000000007,-0.10000000000000003
235,4.198332721547971,-0.15000000000000008,-0.050000000000000044,0.019999999999999907,-0.41000000000000003,-0.11000000000000004
236,-9.187618433075537,-0.18000000000000005,-0.050000000000000044,0.18999999999999995,-0.39,-0.010000000000000009
237,1.8703660740596375,-0.18000000000000005,-0.050000000000000044,0.18999999999999995,-0.39,-0.010000000000000009
238,-2.3703602694448414,-0.030000000000000027,-0.12000000000000005,-0.050000000000000044,-0.23000000000000004,-0.040000000000000036
239,5.186557191193103,-0.10000000000000003,-0.020000000000000018,0.1499999999999999,-0.41000000000000003,0.029999999999999916
240,-2.764587798327386,-0.16000000000000003,0.0,-0.08000000000000007,-0.42000000000000004,-0.09000000000000008
241,0.33584880279467755,-0.030000000000000027,-0.030000000000000027,0.039999999999999925,-0.43000000000000005,-0.07000000000000006
242,3.575130895114785,-0.14000000000000007,0.009999999999999898,0.15999999999999992,-0.3400000000000001,0.009999999999999898
243,5.0283680252477065,-0.11000000000000004,-0.29000000000000004,0.009999999999999898,-0.20000000000000007,-0.040000000000000036
244,-5.1270315180668975,-0.36000000000000004,-0.30000000000000004,-0.040000000000000036,-0.42000000000000004,-0.030000000000000027
245,-0.6942635464033092,-0.050000000000000044,-0.030000000000000027,-0.010000000000000009,-0.42000000000000004,-0.050000000000000044
246,-0.8528345014076819,-0.12000000000000005,0.12,-0.11000000000000004,-0.050000000000000044,-0.040000000000000036
247,-2.3856137585830877,-0.29000000000000004,-0.17000000000000004,0.09999999999999998,-0.45000000000000007,-0.12000000000000005
248,9.837583255802583,-0.010000000000000009,-0.14000000000000007,-0.22000000000000003,-0.26000000000000006,-0.040000000000000036
249,3.253159072016761,-0.22000000000000003,-0.14000000000000007,-0.26000000000000006,-0.33000000000000007,-0.030000000000000027
250,-5.175077138873793,-0.12000000000000005,-0.030000000000000027,-0.040000000000000036,-0.33000000000000007,-0.050000000000000044
251,5.603407738673835,0.029999999999999916,0.019999999999999907,0.0,-0.3500000000000001,-0.020000000000000018
252,11.350374234810547,-0.17000000000000004,-0.28,-0.10000000000000003,-0.44000000000000006,-0.15000000000000008
253,5.9425085781226885,0.0,-0.13000000000000006,-0.020000000000000018,-0.4,-0.06000000000000005
254,-6.117199312558083,-0.20000000000000007,0.12,-0.18000000000000005,-0.48000000000000004,-0.030000000000000027
255,-1.4274682044214488,-0.29000000000000004,-0.20000000000000007,0.039999999999999925,-0.23000000000000004,-0.19000000000000006
256,7.276911639769231,-0.21000000000000008,-0.16000000000000003,0.029999999999999916,-0.3400000000000001,-0.09000000000000008
257,-2.733584695292471,-0.14000000000000007,-0.24000000000000005,-0.06000000000000005,-0.3500000000000001,-0.050000000000000044
258,2.988049545016614,-0.33000000000000007,-0.36000000000000004,-0.030000000000000027,-0.36000000000000004,-0.12000000000000005
259,4.866772542513638,-0.010000000000000009,-0.020000000000000018,0.0,-0.3400000000000001,-0.06000000000000005
260,-3.9229897250889825,-0.20000000000000007,-0.32000000000000006,-0.07000000000000006,-0.4,-0.050000000000000044
261,0.7466453439827925,-0.18000000000000005,-0.08000000000000007,0.029999999999999916,-0.3400000000000001,-0.10000000000000003
262,-15.59904618313338,0.24,-0.10000000000000003,-0.06000000000000005,-0.41000000000000003,-0.030000000000000027
263,-4.085235931304495,0.039999999999999925,0.0,-0.09000000000000008,-0.36000000000000004,-0.06000000000000005
264,-0.5927675072184201,-0.15000000000000008,-0.32000000000000006,-0.020000000000000018,-0.30000000000000004,-0.15000000000000008
265,-4.871925392612264,-0.09000000000000008,0.08999999999999997,-0.020000000000000018,0.05999999999999994,-0.030000000000000027
266,8.996372413494292,-0.13000000000000006,-0.17000000000000004,-0.020000000000000018,-0.42000000000000004,-0.09000000000000008
267,-6.207758019588828,-0.06000000000000005,-0.050000000000000044,-0.040000000000000036,-0.4700000000000001,-0.08000000000000007
268,-1.0411479332724196,-0.030000000000000027,0.04999999999999993,-0.040000000000000036,-0.3500000000000001,-0.010000000000000009
269,1.5437949408275555,-0.020000000000000018,-0.14000000000000007,-0.15000000000000008,-0.4,-0.040000000000000036
270,7.965329078132011,-0.10000000000000003,-0.21000000000000008,-0.030000000000000027,-0.4,-0.050000000000000044
271,-6.169279745768024,-0.10000000000000003,-0.13000000000000006,-0.07000000000000006,0.22999999999999998,-0.07000000000000006
272,7.00258139357623,-0.050000000000000044,-0.010000000000000009,-0.21000000000000008,-0.4,-0.050000000000000044
273,0.9928433084978898,0.0,-0.040000000000000036,-0.010000000000000009,-0.37000000000000005,-0.020000000000000018
274,-4.464172245110582,0.04999999999999993,-0.26000000000000006,0.029999999999999916,-0.44000000000000006,-0.07000000000000006
275,3.559833265152471,-0.19000000000000006,-0.030000000000000027,-0.10000000000000003,-0.33000000000000007,-0.09000000000000008
276,1.8276489950793338,0.2699999999999999,0.019999999999999907,-0.23000000000000004,-0.52,-0.030000000000000027
277,-1.9893063823940187,-0.17000000000000004,-0.11000000000000004,-0.030000000000000027,-0.38000000000000006,-0.020000000000000018
278,1.4161792951644303,-0.040000000000000036,-0.020000000000000018,-0.06000000000000005,-0.3500000000000001,-0.08000000000000007
279,-1.0537991140944651,-0.21000000000000008,-0.17000000000000004,0.009999999999999898,-0.45000000000000007,-0.08000000000000007
280,1.8863987806533389,-0.20000000000000007,-0.07000000000000006,-0.26000000000000006,-0.3400000000000001,-0.040000000000000036
281,4.532703889817217,0.21999999999999997,0.1399999999999999,-0.24000000000000005,-0.33000000000000007,-0.030000000000000027
282,8.745376135123859,-0.010000000000000009,-0.10000000000000003,-0.030000000000000027,-0.45000000000000007,-0.040000000000000036
283,-4.994582993921746,-0.11000000000000004,0.0,-0.020000000000000018,-0.24000000000000005,0.009999999999999898
284,11.867761373493831,-0.11000000000000004,0.0,-0.030000000000000027,-0.24000000000000005,0.009999999999999898
285,-8.591848480400525,-0.2700000000000001,-0.13000000000000006,-0.16000000000000003,-0.41000000000000003,-0.030000000000000027
286,0.7202066491138766,-0.040000000000000036,0.18999999999999995,-0.19000000000000006,-0.42000000000000004,-0.10000000000000003
287,3.9655980868199814,0.1499999999999999,0.0,-0.17000000000000004,-0.29000000000000004,-0.040000000000000036
288,2.5113538388876626,0.019999999999999907,0.039999999999999925,-0.13000000000000006,-0.44000000000000006,-0.010000000000000009
289,-1.81482554470587,-0.020000000000000018,0.08999999999999997,-0.07000000000000006,-0.22000000000000003,-0.040000000000000036
290,0.0778808026107225,0.009999999999999898,0.029999999999999916,-0.12000000000000005,-0.4,-0.040000000000000036
291,-1.381324673294164,0.029999999999999916,0.019999999999999907,-0.10000000000000003,-0.37000000000000005,0.0
292,-2.090705781321103,0.36,0.04999999999999993,-0.16000000000000003,-0.3400000000000001,-0.020000000000000018
293,5.316288488505077,-0.010000000000000009,0.0,-0.11000000000000004,-0.42000000000000004,-0.020000000000000018
294,2.9341600626266695,0.06999999999999995,0.04999999999999993,-0.15000000000000008,-0.3400000000000001,-0.050000000000000044
295,-2.3955759219061723,0.019999999999999907,-0.030000000000000027,-0.18000000000000005,-0.38000000000000006,-0.040000000000000036
296,5.64314824738059,-0.20000000000000007,-0.10000000000000003,-0.13000000000000006,-0.37000000000000005,-0.08000000000000007
297,2.5986096587801453,-0.24000000000000005,-0.09000000000000008,-0.010000000000000009,-0.44000000000000006,-0.040000000000000036
298,5.081453226996233,-0.22000000000000003,-0.18000000000000005,-0.11000000000000004,-0.37000000000000005,-0.050000000000000044
299,4.161994726830045,0.05999999999999994,0.019999999999999907,-0.10000000000000003,-0.43000000000000005,-0.030000000000000027
300,-2.7997245373983777,-0.030000000000000027,0.12,-0.14000000000000007,-0.37000000000000005,-0.030000000000000027
301,-1.8934530766930544,0.16999999999999993,-0.010000000000000009,-0.15000000000000008,-0.4,-0.10000000000000003
302,4.720766029016263,-0.010000000000000009,-0.10000000000000003,-0.10000000000000003,-0.25000000000000006,0.019999999999999907
303,4.371623381564423,-0.21000000000000008,0.039999999999999925,-0.09000000000000008,-0.43000000000000005,-0.040000000000000036
304,1.207810033579214,0.20999999999999996,0.24,-0.050000000000000044,-0.16000000000000003,-0.020000000000000018
305,2.0383257867582456,0.20999999999999996,0.30999999999999994,-0.09000000000000008,-0.19000000000000006,-0.08000000000000007
306,7.471918979154624,-0.21000000000000008,-0.10000000000000003,-0.07000000000000006,-0.41000000000000003,-0.010000000000000009
307,-1.8733946688121954,-0.13000000000000006,-0.050000000000000044,-0.08000000000000007,-0.42000000000000004,-0.06000000000000005
308,3.9347691812171437,0.009999999999999898,0.04999999999999993,-0.11000000000000004,-0.30000000000000004,-0.06000000000000005
309,0.08454879222762823,0.06999999999999995,0.05999999999999994,-0.14000000000000007,-0.44000000000000006,-0.040000000000000036
310,0.0008562592308527517,-0.31000000000000005,-0.16000000000000003,-0.050000000000000044,-0.38000000000000006,-0.06000000000000005
311,6.64643876014845,0.0,0.05999999999999994,-0.030000000000000027,-0.32000000000000006,0.009999999999999898
312,5.2414322621521325,0.019999999999999907,0.039999999999999925,-0.050000000000000044,-0.32000000000000006,-0.030000000000000027
313,4.960219190132365,0.1499999999999999,0.029999999999999916,-0.030000000000000027,-0.41000000000000003,-0.07000000000000006
314,7.4552885359841445,-0.10000000000000003,-0.21000000000000008,-0.23000000000000004,-0.39,-0.010000000000000009
315,1.238408078378131,-0.020000000000000018,-0.010000000000000009,-0.14000000000000007,-0.3400000000000001,-0.08000000000000007
316,4.565536980766613,-0.17000000000000004,-0.12000000000000005,-0.28,-0.44000000000000006,-0.10000000000000003
317,-0.5317849127529444,-0.23000000000000004,-0.12000000000000005,-0.07000000000000006,-0.48000000000000004,-0.08000000000000007
318,2.9871799935660865,0.25,0.2599999999999999,-0.15000000000000008,-0.20000000000000007,-0.17000000000000004
319,0.2830567825586757,0.1299999999999999,0.039999999999999925,-0.050000000000000044,-0.43000000000000005,-0.040000000000000036
320,1.5645543251760903,-0.10000000000000003,-0.08000000000000007,-0.12000000000000005,-0.3500000000000001,-0.010000000000000009
321,3.8399971815816665,-0.21000000000000008,-0.20000000000000007,0.009999999999999898,-0.39,-0.040000000000000036
322,-2.9051089159548633,0.17999999999999994,0.15999999999999992,-0.09000000000000008,-0.31000000000000005,0.009999999999999898
323,11.532086895639285,-0.020000000000000018,0.009999999999999898,-0.040000000000000036,-0.37000000000000005,0.029999999999999916
324,-3.834284632131556,-0.14000000000000007,-0.040000000000000036,-0.16000000000000003,-0.39,-0.06000000000000005
325,-4.802931009541561,0.35,0.20999999999999996,-0.22000000000000003,-0.09000000000000008,-0.040000000000000036
326,7.327824884712323,0.25,0.33999999999999997,-0.17000000000000004,-0.15000000000000008,-0.030000000000000027
327,4.7742914732146335,-0.11000000000000004,-0.16000000000000003,0.0,-0.42000000000000004,-0.020000000000000018
328,4.028450095389948,-0.09000000000000008,-0.09000000000000008,0.019999999999999907,-0.4,-0.07000000000000006
329,4.161798556450572,-0.15000000000000008,-0.17000000000000004,-0.050000000000000044,-0.040000000000000036,-0.07000000000000006
330,0.980886135765427,-0.19000000000000006,-0.22000000000000003,-0.24000000000000005,-0.3400000000000001,0.0
331,-3.446097357216658,0.1299999999999999,0.039999999999999925,-0.06000000000000005,-0.25000000000000006,-0.010000000000000009
332,1.8151133081806154,-0.21000000000000008,0.0,-0.20000000000000007,-0.26000000000000006,-0.030000000000000027
333,-2.277977547431386,0.2799999999999999,0.09999999999999998,-0.20000000000000007,0.21999999999999997,-0.07000000000000006
334,6.02864918430074,-0.050000000000000044,0.019999999999999907,-0.020000000000000018,-0.2700000000000001,-0.030000000000000027
335,0.23770196270364263,-0.19000000000000006,-0.13000000000000006,0.05999999999999994,-0.29000000000000004,-0.08000000000000007
336,-2.8942914837500586,-0.010000000000000009,0.09999999999999998,0.009999999999999898,-0.24000000000000005,0.009999999999999898
337,-0.7490547080524679,-0.08000000000000007,-0.21000000000000008,-0.14000000000000007,-0.3500000000000001,0.009999999999999898
338,3.0431693257752204,0.05999999999999994,0.019999999999999907,-0.040000000000000036,-0.41000000000000003,-0.040000000000000036
339,-1.788112700797829,0.0,0.029999999999999916,-0.030000000000000027,-0.4,-0.32000000000000006
340,-2.9410193450307243,-0.12000000000000005,-0.050000000000000044,-0.19000000000000006,-0.41000000000000003,-0.050000000000000044
341,2.172508181751355,-0.12000000000000005,-0.12000000000000005,-0.07000000000000006,-0.41000000000000003,-0.10000000000000003
342,2.238088749379731,-0.06000000000000005,-0.06000000000000005,-0.08000000000000007,-0.39,-0.09000000000000008
343,-1.3971253596436652,0.039999999999999925,0.039999999999999925,-0.07000000000000006,-0.26000000000000006,-0.030000000000000027
344,-1.2592170278791148,-0.07000000000000006,-0.10000000000000003,-0.22000000000000003,-0.3500000000000001,-0.010000000000000009
345,2.660240204000165,-0.21000000000000008,0.12,0.009999999999999898,-0.16000000000000003,-0.030000000000000027
346,-5.9960437040866665,0.1399999999999999,0.1299999999999999,-0.13000000000000006,-0.23000000000000004,0.019999999999999907
347,-6.128630001668441,-0.33000000000000007,-0.26000000000000006,0.019999999999999907,-0.3400000000000001,-0.08000000000000007
348,-2.6738188308952258,-0.11000000000000004,-0.14000000000000007,-0.040000000000000036,-0.36000000000000004,-0.06000000000000005
349,-0.3100531257578035,-0.050000000000000044,-0.21000000000000008,-0.10000000000000003,-0.41000000000000003,-0.050000000000000044
350,2.450300103356977,-0.14000000000000007,-0.17000000000000004,-0.09000000000000008,-0.43000000000000005,-0.06000000000000005
351,8.36409313914486,-0.24000000000000005,-0.18000000000000005,-0.040000000000000036,-0.36000000000000004,-0.040000000000000036
352,5.49317024030189,0.029999999999999916,0.08999999999999997,-0.040000000000000036,-0.26000000000000006,-0.10000000000000003
353,0.35890535358281905,-0.15000000000000008,-0.040000000000000036,-0.15000000000000008,-0.45000000000000007,-0.020000000000000018
354,0.7215015932879887,-0.19000000000000006,-0.23000000000000004,-0.06000000000000005,-0.44000000000000006,-0.050000000000000044
355,-3.853634768791945,-0.11000000000000004,0.0,-0.07000000000000006,-0.39,-0.040000000000000036
356,0.8182063744351491,0.0,-0.020000000000000018,0.029999999999999916,-0.42000000000000004,-0.040000000000000036
357,-0.590521140203593,-0.25000000000000006,-0.25000000000000006,-0.020000000000000018,-0.38000000000000006,-0.040000000000000036
358,2.97806381181962,-0.29000000000000004,-0.050000000000000044,-0.09000000000000008,-0.21000000000000008,-0.07000000000000006
359,-3.1320571078037,-0.020000000000000018,0.0,0.009999999999999898,-0.38000000000000006,-0.11000000000000004
360,3.724010574605816,-0.39,-0.18000000000000005,-0.11000000000000004,-0.4700000000000001,-0.020000000000000018
361,8.704032174970804,-0.13000000000000006,-0.050000000000000044,-0.020000000000000018,-0.41000000000000003,-0.11000000000000004
362,0.11594812793004794,0.039999999999999925,-0.16000000000000003,0.029999999999999916,-0.38000000000000006,-0.08000000000000007
363,2.953878610494707,0.35,0.1299999999999999,0.009999999999999898,-0.11000000000000004,0.0
364,4.465408828769898,-0.18000000000000005,-0.09000000000000008,-0.030000000000000027,-0.44000000000000006,-0.08000000000000007
365,-1.2215478592166822,0.029999999999999916,-0.13000000000000006,-0.040000000000000036,-0.37000000000000005,-0.010000000000000009
366,2.0381129262640676,0.07999999999999996,-0.030000000000000027,-0.11000000000000004,-0.43000000000000005,-0.030000000000000027
367,0.858134058306073,-0.07000000000000006,-0.25000000000000006,-0.22000000000000003,-0.43000000000000005,-0.040000000000000036
368,1.4414631255455914,-0.040000000000000036,-0.050000000000000044,-0.050000000000000044,-0.44000000000000006,-0.050000000000000044
369,-2.969054419064833,-0.07000000000000006,-0.13000000000000006,-0.08000000000000007,-0.41000000000000003,-0.010000000000000009
370,1.0592213885066972,-0.07000000000000006,-0.09000000000000008,-0.040000000000000036,-0.4,-0.030000000000000027
371,3.3398340890286815,-0.08000000000000007,-0.17000000000000004,-0.07000000000000006,-0.38000000000000006,-0.050000000000000044
372,8.015290093372307,-0.12000000000000005,-0.22000000000000003,-0.010000000000000009,-0.38000000000000006,-0.040000000000000036
373,5.863036405792989,-0.13000000000000006,-0.020000000000000018,0.019999999999999907,-0.4,-0.06000000000000005
374,11.608514562924736,-0.07000000000000006,-0.14000000000000007,-0.020000000000000018,-0.39,-0.06000000000000005
375,-2.4205019206041305,-0.22000000000000003,0.09999999999999998,-0.050000000000000044,-0.4,-0.09000000000000008
376,5.493992053817727,-0.36000000000000004,-0.22000000000000003,-0.23000000000000004,-0.4600000000000001,-0.08000000000000007
377,1.653664528904258,0.17999999999999994,-0.030000000000000027,-0.06000000000000005,-0.48000000000000004,-0.010000000000000009
378,11.80150916630086,0.1299999999999999,-0.08000000000000007,-0.18000000000000005,-0.41000000000000003,-0.010000000000000009
379,-2.852939302483964,-0.26000000000000006,-0.06000000000000005,-0.09000000000000008,-0.45000000000000007,-0.10000000000000003
380,-3.0088371565067815,-0.12000000000000005,-0.050000000000000044,-0.08000000000000007,-0.18000000000000005,-0.040000000000000036
381,-1.8849922170909381,-0.25000000000000006,-0.11000000000000004,-0.06000000000000005,-0.39,-0.07000000000000006
382,-9.847986567151937,-0.010000000000000009,-0.15000000000000008,0.0,-0.3500000000000001,-0.040000000000000036
383,-1.811119214567688,-0.16000000000000003,-0.22000000000000003,-0.040000000000000036,-0.39,-0.09000000000000008
384,-2.7260453043685353,-0.16000000000000003,-0.08000000000000007,-0.06000000000000005,-0.39,-0.020000000000000018
385,1.5357410566728311,0.019999999999999907,-0.08000000000000007,0.0,-0.4600000000000001,-0.10000000000000003
386,2.5069520031775903,0.019999999999999907,-0.08000000000000007,0.0,-0.44000000000000006,-0.10000000000000003
387,10.268826250476529,0.019999999999999907,-0.11000000000000004,-0.08000000000000007,-0.32000000000000006,-0.040000000000000036
388,5.558681823731685,0.019999999999999907,-0.15000000000000008,-0.050000000000000044,-0.30000000000000004,-0.050000000000000044
389,-1.5878023844758986,-0.15000000000000008,0.039999999999999925,-0.030000000000000027,-0.2700000000000001,-0.09000000000000008
390,-3.5777023466126168,0.1299999999999999,-0.06000000000000005,-0.07000000000000006,-0.14000000000000007,-0.07000000000000006
391,3.4513738609324833,-0.18000000000000005,-0.07000000000000006,0.04999999999999993,-0.43000000000000005,-0.020000000000000018
392,-5.5705480317032565,0.039999999999999925,-0.08000000000000007,-0.12000000000000005,-0.040000000000000036,-0.020000000000000018
393,10.049759164344197,-0.09000000000000008,-0.07000000000000006,0.06999999999999995,-0.39,-0.25000000000000006
394,7.058452727898228,-0.28,-0.050000000000000044,-0.010000000000000009,-0.45000000000000007,-0.10000000000000003
395,-1.2992277433115405,0.0,0.009999999999999898,0.06999999999999995,-0.17000000000000004,0.029999999999999916
396,-7.464210012652956,-0.3500000000000001,-0.18000000000000005,-0.07000000000000006,-0.4,-0.050000000000000044
397,7.857073925224162,-0.10000000000000003,0.009999999999999898,0.009999999999999898,-0.41000000000000003,-0.040000000000000036
398,0.36239527394940985,-0.13000000000000006,-0.14000000000000007,-0.020000000000000018,-0.3400000000000001,0.009999999999999898
399,7.386832077079292,0.009999999999999898,0.029999999999999916,-0.06000000000000005,0.019999999999999907,-0.030000000000000027
400,-7.216622400135718,-0.08000000000000007,-0.22000000000000003,-0.09000000000000008,-0.42000000000000004,-0.09000000000000008
401,-2.0318849567004196,-0.21000000000000008,-0.16000000000000003,-0.030000000000000027,-0.38000000000000006,-0.14000000000000007
402,1.0649906228827088,-0.09000000000000008,-0.11000000000000004,-0.030000000000000027,0.05999999999999994,-0.10000000000000003
403,1.0973209722236648,-0.030000000000000027,-0.13000000000000006,-0.09000000000000008,-0.41000000000000003,0.019999999999999907
404,-1.3480273573962185,-0.10000000000000003,-0.11000000000000004,0.0,-0.4,0.0
405,3.925504161949993,-0.12000000000000005,-0.14000000000000007,0.05999999999999994,-0.42000000000000004,-0.010000000000000009
406,-4.4996897426275,-0.19000000000000006,-0.22000000000000003,0.019999999999999907,-0.32000000000000006,-0.12000000000000005
407,0.12651497917900434,-0.19000000000000006,-0.22000000000000003,0.019999999999999907,-0.32000000000000006,-0.12000000000000005
408,1.602020318469302,-0.17000000000000004,-0.17000000000000004,-0.010000000000000009,-0.040000000000000036,-0.19000000000000006
409,3.572736330203553,-0.17000000000000004,-0.17000000000000004,-0.010000000000000009,-0.040000000000000036,-0.19000000000000006
410,4.6715249076564325,-0.08000000000000007,-0.10000000000000003,-0.18000000000000005,-0.2700000000000001,-0.030000000000000027
411,-4.541838404792248,-0.08000000000000007,0.009999999999999898,-0.06000000000000005,-0.4700000000000001,-0.040000000000000036
412,-6.605688578311157,0.04999999999999993,0.009999999999999898,-0.11000000000000004,-0.3500000000000001,-0.06000000000000005
413,7.1883621128924995,0.0,-0.12000000000000005,0.0,-0.37000000000000005,-0.020000000000000018
414,3.115560577109942,-0.050000000000000044,0.06999999999999995,-0.26000000000000006,-0.21000000000000008,-0.030000000000000027
415,-2.2384146793828137,-0.030000000000000027,0.12,-0.22000000000000003,-0.14000000000000007,-0.020000000000000018
416,8.393415771448732,-0.19000000000000006,-0.3400000000000001,0.07999999999999996,-0.21000000000000008,-0.09000000000000008
417,1.4971754468312475,-0.050000000000000044,-0.08000000000000007,0.019999999999999907,-0.3400000000000001,-0.06000000000000005
418,6.615368553120565,-0.07000000000000006,-0.19000000000000006,0.029999999999999916,-0.39,-0.050000000000000044
419,1.2563946824174987,-0.050000000000000044,-0.08000000000000007,0.019999999999999907,-0.3400000000000001,-0.06000000000000005
420,11.296210634539108,-0.030000000000000027,-0.030000000000000027,-0.030000000000000027,-0.39,-0.07000000000000006
421,10.366740106052138,-0.2700000000000001,0.12,-0.09000000000000008,-0.30000000000000004,-0.09000000000000008
422,-0.33392624218286815,-0.06000000000000005,-0.11000000000000004,-0.07000000000000006,-0.41000000000000003,-0.010000000000000009
423,5.859805271983761,-0.23000000000000004,-0.28,-0.25000000000000006,-0.32000000000000006,-0.030000000000000027
424,4.680154248138237,0.2899999999999999,0.2899999999999999,-0.26000000000000006,-0.25000000000000006,-0.010000000000000009
425,7.775723702183313,-0.13000000000000006,-0.17000000000000004,-0.050000000000000044,-0.28,-0.16000000000000003
426,-3.871419299500568,0.04999999999999993,-0.020000000000000018,-0.07000000000000006,-0.4,-0.020000000000000018
427,4.267929354389295,-0.22000000000000003,-0.21000000000000008,0.04999999999999993,-0.37000000000000005,-0.040000000000000036
428,6.302471304462275,-0.010000000000000009,-0.030000000000000027,0.0,-0.2700000000000001,-0.08000000000000007
429,-7.778026421986399,0.09999999999999998,0.05999999999999994,-0.040000000000000036,-0.39,-0.07000000000000006
430,-5.051898063116376,-0.12000000000000005,-0.15000000000000008,0.019999999999999907,-0.36000000000000004,0.009999999999999898
431,-8.687678255999069,-0.19000000000000006,0.05999999999999994,-0.22000000000000003,-0.31000000000000005,-0.050000000000000044
432,-0.08735616882283415,-0.11000000000000004,0.0,-0.050000000000000044,0.07999999999999996,-0.020000000000000018
433,4.720513554346765,-0.18000000000000005,-0.10000000000000003,-0.040000000000000036,0.18999999999999995,-0.06000000000000005
434,8.483463263880095,0.04999999999999993,-0.020000000000000018,-0.07000000000000006,-0.37000000000000005,-0.020000000000000018
435,1.55777617746583,-0.12000000000000005,-0.030000000000000027,-0.040000000000000036,-0.19000000000000006,-0.06000000000000005
436,9.330380003223414,-0.12000000000000005,-0.030000000000000027,-0.040000000000000036,-0.19000000000000006,-0.06000000000000005
437,-6.070895236677359,-0.24000000000000005,-0.22000000000000003,0.04999999999999993,-0.39,-0.040000000000000036
438,-7.7019401423786755,-0.22000000000000003,-0.22000000000000003,0.04999999999999993,-0.38000000000000006,-0.040000000000000036
439,1.1405395089168608,-0.050000000000000044,0.12,-0.07000000000000006,0.029999999999999916,-0.020000000000000018
440,2.746005248096491,-0.15000000000000008,-0.26000000000000006,-0.07000000000000006,-0.28,-0.020000000000000018
441,0.8703885348964886,-0.15000000000000008,-0.13000000000000006,-0.06000000000000005,-0.28,-0.06000000000000005
442,-8.95144786739795,-0.26000000000000006,-0.06000000000000005,-0.22000000000000003,-0.30000000000000004,-0.050000000000000044
443,0.5752820778030121,-0.07000000000000006,-0.16000000000000003,-0.22000000000000003,-0.30000000000000004,-0.06000000000000005
444,-5.327904869722833,-0.22000000000000003,-0.16000000000000003,-0.26000000000000006,-0.33000000000000007,-0.050000000000000044
445,4.487605376951626,-0.13000000000000006,-0.12000000000000005,-0.26000000000000006,-0.38000000000000006,-0.050000000000000044
446,2.891880100698577,-0.13000000000000006,-0.11000000000000004,-0.19000000000000006,-0.44000000000000006,-0.08000000000000007
447,-3.3700162988353437,-0.11000000000000004,0.009999999999999898,-0.26000000000000006,-0.39,-0.050000000000000044
448,-1.239951953882035,-0.11000000000000004,0.009999999999999898,-0.26000000000000006,-0.39,-0.050000000000000044
449,-4.176349606044803,-0.14000000000000007,-0.12000000000000005,-0.23000000000000004,-0.39,-0.020000000000000018
450,0.5913933838484764,-0.040000000000000036,-0.06000000000000005,-0.030000000000000027,-0.4600000000000001,-0.08000000000000007
451,5.96520365690329,-0.030000000000000027,0.0,-0.07000000000000006,-0.10000000000000003,-0.040000000000000036
452,-3.724539714465735,-0.11000000000000004,-0.020000000000000018,-0.020000000000000018,0.05999999999999994,-0.030000000000000027
453,3.2925046319863203,-0.050000000000000044,-0.13000000000000006,0.06999999999999995,-0.38000000000000006,-0.040000000000000036
454,-1.4948054590607713,-0.050000000000000044,-0.040000000000000036,-0.08000000000000007,-0.06000000000000005,-0.050000000000000044
455,-2.9206721069146226,-0.010000000000000009,-0.07000000000000006,-0.06000000000000005,-0.10000000000000003,-0.040000000000000036
456,0.37424025462430965,-0.06000000000000005,-0.10000000000000003,-0.040000000000000036,-0.4,-0.040000000000000036
457,-3.9775806019676976,-0.06000000000000005,-0.030000000000000027,-0.11000000000000004,-0.12000000000000005,-0.07000000000000006
458,-1.4974306328997935,-0.11000000000000004,0.029999999999999916,-0.030000000000000027,0.17999999999999994,-0.09000000000000008
459,-4.809500592729906,0.009999999999999898,0.04999999999999993,-0.010000000000000009,0.10999999999999999,-0.08000000000000007
460,10.573797718979046,-0.020000000000000018,-0.11000000000000004,0.05999999999999994,-0.43000000000000005,-0.040000000000000036
461,1.0493603926600756,0.10999999999999999,-0.050000000000000044,-0.030000000000000027,-0.28,-0.050000000000000044
462,-2.307625264595974,-0.21000000000000008,-0.07000000000000006,-0.09000000000000008,-0.3400000000000001,-0.06000000000000005
463,2.290541713580918,-0.09000000000000008,0.06999999999999995,0.09999999999999998,-0.11000000000000004,-0.19000000000000006
464,0.22110862176018664,-0.050000000000000044,-0.22000000000000003,-0.13000000000000006,-0.38000000000000006,-0.08000000000000007
465,-0.3446053648646822,0.0,-0.11000000000000004,0.029999999999999916,-0.42000000000000004,-0.050000000000000044
466,3.8511459045025975,-0.11000000000000004,-0.18000000000000005,0.029999999999999916,-0.38000000000000006,-0.12000000000000005
467,4.839933050449025,-0.13000000000000006,-0.050000000000000044,0.039999999999999925,-0.31000000000000005,-0.010000000000000009
468,-1.4414257380526374,-0.09000000000000008,0.029999999999999916,-0.13000000000000006,-0.43000000000000005,0.0
469,-1.7947731998234455,-0.16000000000000003,-0.11000000000000004,-0.14000000000000007,-0.39,-0.020000000000000018
470,-0.046983985545720586,0.32999999999999996,0.25,-0.20000000000000007,0.1499999999999999,-0.010000000000000009
471,-10.500853419392453,0.019999999999999907,-0.010000000000000009,-0.040000000000000036,-0.3400000000000001,-0.12000000000000005
472,-6.540983256595663,0.029999999999999916,0.009999999999999898,-0.10000000000000003,-0.42000000000000004,-0.040000000000000036
473,7.8621536125895775,-0.07000000000000006,-0.15000000000000008,-0.24000000000000005,-0.3500000000000001,-0.06000000000000005
474,9.630000842873374,-0.21000000000000008,-0.030000000000000027,-0.21000000000000008,-0.23000000000000004,-0.06000000000000005
475,-0.6231248382226146,-0.14000000000000007,-0.24000000000000005,0.04999999999999993,-0.43000000000000005,-0.42000000000000004
476,3.9555048152788324,-0.06000000000000005,-0.10000000000000003,-0.14000000000000007,-0.24000000000000005,0.0
477,2.4786334055191133,0.12,-0.06000000000000005,-0.13000000000000006,-0.29000000000000004,0.04999999999999993
478,16.383659936112306,-0.06000000000000005,-0.11000000000000004,-0.07000000000000006,-0.26000000000000006,-0.09000000000000008
479,6.598225074384867,-0.10000000000000003,-0.15000000000000008,-0.06000000000000005,-0.12000000000000005,-0.030000000000000027
480,0.4546665428086666,-0.24000000000000005,-0.20000000000000007,-0.22000000000000003,-0.37000000000000005,-0.010000000000000009
481,-3.6224045930442133,-0.16000000000000003,-0.050000000000000044,-0.14000000000000007,-0.43000000000000005,-0.11000000000000004
482,-6.660542731073526,0.1399999999999999,0.16999999999999993,-0.19000000000000006,-0.19000000000000006,-0.08000000000000007
483,2.3662008121375484,0.25,0.19999999999999996,-0.24000000000000005,-0.19000000000000006,-0.050000000000000044
484,-2.598259226209018,0.08999999999999997,0.04999999999999993,-0.17000000000000004,-0.26000000000000006,0.009999999999999898
485,-6.000850544588417,-0.09000000000000008,-0.13000000000000006,-0.21000000000000008,-0.24000000000000005,-0.020000000000000018
486,-2.6715668112547175,-0.14000000000000007,-0.31000000000000005,0.039999999999999925,-0.42000000000000004,-0.11000000000000004
487,-4.2640777427050205,-0.33000000000000007,-0.22000000000000003,-0.15000000000000008,-0.28,-0.06000000000000005
488,9.404462675575322,0.2899999999999999,0.0,-0.23000000000000004,-0.18000000000000005,-0.010000000000000009
489,5.267301060114207,-0.22000000000000003,-0.25000000000000006,0.039999999999999925,-0.19000000000000006,-0.06000000000000005
490,0.9895073106288967,0.029999999999999916,-0.030000000000000027,-0.09000000000000008,-0.30000000000000004,-0.030000000000000027
491,8.672012748847228,0.10999999999999999,0.06999999999999995,-0.22000000000000003,-0.15000000000000008,0.039999999999999925
492,1.7488395416380462,0.1399999999999999,0.16999999999999993,-0.18000000000000005,-0.20000000000000007,-0.020000000000000018
493,-3.246265112805201,-0.020000000000000018,-0.050000000000000044,-0.020000000000000018,-0.040000000000000036,-0.09000000000000008
494,8.671571396477459,-0.030000000000000027,-0.06000000000000005,-0.020000000000000018,0.0,-0.07000000000000006
495,3.688700735635277,0.2799999999999999,0.06999999999999995,-0.18000000000000005,-0.33000000000000007,-0.030000000000000027
496,-3.94911836734681,0.32999999999999996,0.20999999999999996,-0.20000000000000007,-0.22000000000000003,-0.12000000000000005
497,-0.009804520203705036,-0.08000000000000007,-0.13000000000000006,-0.11000000000000004,-0.39,-0.08000000000000007
498,-3.434038862638314,-0.20000000000000007,-0.21000000000000008,-0.09000000000000008,-0.3400000000000001,-0.12000000000000005
499,-5.995136022020247,0.009999999999999898,-0.07000000000000006,-0.08000000000000007,-0.4,-0.050000000000000044
500,5.831058747787379,-0.13000000000000006,-0.040000000000000036,-0.030000000000000027,-0.040000000000000036,-0.07000000000000006
501,10.587785477717606,-0.18000000000000005,-0.07000000000000006,-0.020000000000000018,0.43999999999999995,-0.06000000000000005
502,-6.217781975259589,-0.13000000000000006,-0.24000000000000005,0.0,-0.29000000000000004,-0.09000000000000008
503,4.220264456991348,0.2799999999999999,0.30999999999999994,-0.11000000000000004,-0.020000000000000018,-0.28
504,-1.957540791212036,-0.29000000000000004,0.0,0.0,-0.38000000000000006,-0.040000000000000036
505,-1.2709724186109814,0.32999999999999996,0.2599999999999999,0.039999999999999925,-0.07000000000000006,-0.010000000000000009
506,-1.543279103982362,0.29999999999999993,0.36,-0.06000000000000005,-0.19000000000000006,-0.030000000000000027
507,-2.8570712155976468,-0.19000000000000006,-0.010000000000000009,-0.2700000000000001,-0.24000000000000005,-0.050000000000000044
508,1.4308420944231681,0.30999999999999994,0.2699999999999999,0.009999999999999898,-0.20000000000000007,-0.20000000000000007
509,-3.219088306688235,-0.13000000000000006,-0.11000000000000004,-0.020000000000000018,-0.42000000000000004,-0.06000000000000005
510,2.3236621322991486,-0.040000000000000036,-0.08000000000000007,-0.020000000000000018,-0.28,-0.020000000000000018
511,0.7782639529668145,0.20999999999999996,0.039999999999999925,-0.14000000000000007,-0.23000000000000004,0.009999999999999898
512,-0.03149760153061609,0.19999999999999996,0.17999999999999994,0.0,-0.22000000000000003,-0.050000000000000044
513,-3.014000306808035,0.019999999999999907,0.19999999999999996,-0.16000000000000003,-0.19000000000000006,-0.020000000000000018
514,-1.9199786494417088,0.3799999999999999,0.039999999999999925,-0.23000000000000004,-0.07000000000000006,-0.020000000000000018
515,4.765946287197225,-0.20000000000000007,-0.12000000000000005,0.009999999999999898,-0.38000000000000006,-0.14000000000000007
516,3.7206569482510763,-0.14000000000000007,-0.050000000000000044,-0.17000000000000004,-0.3400000000000001,-0.07000000000000006
517,-3.8876873537784196,-0.040000000000000036,-0.08000000000000007,0.019999999999999907,-0.010000000000000009,-0.08000000000000007
518,1.2882360273586289,-0.14000000000000007,-0.24000000000000005,-0.08000000000000007,-0.4,-0.010000000000000009
519,4.657567741150738,-0.13000000000000006,-0.18000000000000005,-0.050000000000000044,-0.32000000000000006,-0.10000000000000003
520,-7.107363772805425,-0.08000000000000007,0.009999999999999898,-0.040000000000000036,0.04999999999999993,-0.050000000000000044
521,3.422989832114011,0.2699999999999999,-0.030000000000000027,-0.040000000000000036,-0.36000000000000004,-0.08000000000000007
522,-2.3914467403321344,-0.20000000000000007,-0.22000000000000003,-0.10000000000000003,-0.37000000000000005,-0.040000000000000036
523,3.7608653973628954,-0.050000000000000044,-0.13000000000000006,-0.09000000000000008,-0.37000000000000005,-0.040000000000000036
524,-2.803315782712584,-0.020000000000000018,-0.020000000000000018,-0.07000000000000006,-0.42000000000000004,0.0
525,-8.092079493193424,-0.12000000000000005,-0.15000000000000008,-0.12000000000000005,-0.43000000000000005,-0.07000000000000006
526,-6.980149914048859,-0.040000000000000036,0.05999999999999994,-0.020000000000000018,-0.37000000000000005,-0.06000000000000005
527,1.2162557434360826,-0.10000000000000003,-0.16000000000000003,-0.18000000000000005,-0.38000000000000006,-0.07000000000000006
528,2.1826846328992024,0.12,-0.06000000000000005,-0.010000000000000009,0.08999999999999997,-0.10000000000000003
529,-3.6005926083100595,-0.030000000000000027,-0.12000000000000005,-0.09000000000000008,-0.3400000000000001,-0.030000000000000027
530,4.294656794099369,-0.08000000000000007,-0.08000000000000007,-0.06000000000000005,-0.09000000000000008,-0.010000000000000009
531,-7.731918035977845,-0.10000000000000003,-0.42000000000000004,-0.20000000000000007,-0.3500000000000001,-0.06000000000000005
532,0.6005032821303713,-0.06000000000000005,-0.11000000000000004,-0.08000000000000007,-0.39,-0.06000000000000005
533,-4.886862995412328,-0.12000000000000005,-0.030000000000000027,-0.13000000000000006,-0.39,-0.020000000000000018
534,-2.243117906209363,-0.10000000000000003,-0.09000000000000008,-0.10000000000000003,-0.4,-0.050000000000000044
535,1.2628759893835029,-0.040000000000000036,-0.07000000000000006,0.009999999999999898,0.009999999999999898,-0.050000000000000044
536,-3.2261779562054262,0.05999999999999994,0.07999999999999996,0.0,-0.36000000000000004,-0.08000000000000007
537,-1.248095088347694,-0.10000000000000003,-0.24000000000000005,0.019999999999999907,-0.39,0.04999999999999993
538,5.797654563284186,0.21999999999999997,-0.08000000000000007,-0.09000000000000008,-0.26000000000000006,-0.030000000000000027
539,-1.7924272233239509,-0.07000000000000006,0.05999999999999994,0.08999999999999997,-0.38000000000000006,-0.10000000000000003
540,4.825315060538208,-0.06000000000000005,-0.22000000000000003,0.05999999999999994,-0.37000000000000005,0.009999999999999898
541,-4.580083756076107,-0.17000000000000004,-0.19000000000000006,-0.23000000000000004,-0.33000000000000007,-0.030000000000000027
542,3.4831231649433683,-0.17000000000000004,-0.19000000000000006,0.0,-0.41000000000000003,-0.06000000000000005
543,8.192993620501486,-0.23000000000000004,-0.19000000000000006,-0.020000000000000018,-0.28,-0.030000000000000027
544,-11.289950446239349,-0.17000000000000004,-0.19000000000000006,-0.23000000000000004,-0.33000000000000007,-0.040000000000000036
545,-2.9839842229552853,-0.23000000000000004,-0.18000000000000005,-0.030000000000000027,-0.30000000000000004,-0.040000000000000036
546,3.9041229112696545,-0.08000000000000007,-0.050000000000000044,0.009999999999999898,-0.32000000000000006,-0.06000000000000005
547,0.26432407991420925,-0.06000000000000005,0.05999999999999994,-0.020000000000000018,0.09999999999999998,-0.07000000000000006
548,3.036779884068528,-0.09000000000000008,-0.020000000000000018,-0.020000000000000018,-0.08000000000000007,-0.030000000000000027
549,-1.9938770633647669,0.15999999999999992,0.019999999999999907,-0.14000000000000007,-0.28,-0.08000000000000007
550,1.3794034375769988,-0.15000000000000008,-0.15000000000000008,-0.050000000000000044,-0.37000000000000005,0.009999999999999898
551,0.23628832325210192,0.25,0.08999999999999997,-0.040000000000000036,-0.15000000000000008,0.009999999999999898
552,6.8188268740935785,-0.06000000000000005,-0.07000000000000006,-0.040000000000000036,-0.36000000000000004,-0.13000000000000006
553,2.4919243231229076,-0.38000000000000006,-0.08000000000000007,-0.10000000000000003,-0.44000000000000006,-0.56
554,2.8081821805903466,-0.30000000000000004,-0.18000000000000005,-0.040000000000000036,-0.20000000000000007,-0.08000000000000007
555,-1.1244338204831643,-0.030000000000000027,-0.050000000000000044,-0.050000000000000044,-0.45000000000000007,-0.07000000000000006
556,-1.4351566201499684,0.019999999999999907,-0.07000000000000006,-0.06000000000000005,-0.15000000000000008,0.009999999999999898
557,-1.1037204218861207,0.05999999999999994,0.039999999999999925,-0.09000000000000008,-0.4,-0.030000000000000027
558,2.921738715291439,0.12,0.019999999999999907,-0.050000000000000044,-0.37000000000000005,-0.020000000000000018
559,-0.8729397712998821,-0.16000000000000003,-0.040000000000000036,-0.030000000000000027,-0.040000000000000036,-0.050000000000000044
560,2.5696365598490187,-0.050000000000000044,-0.09000000000000008,-0.15000000000000008,-0.12000000000000005,-0.06000000000000005
561,11.377566626028628,0.15999999999999992,0.0,-0.16000000000000003,-0.30000000000000004,-0.050000000000000044
562,5.334006149959894,-0.07000000000000006,-0.12000000000000005,-0.11000000000000004,-0.3400000000000001,-0.050000000000000044
563,-0.4908466507100331,-0.24000000000000005,-0.09000000000000008,-0.010000000000000009,-0.31000000000000005,-0.07000000000000006
564,7.206041665216823,-0.10000000000000003,0.009999999999999898,-0.040000000000000036,-0.28,-0.040000000000000036
565,-0.9564458549785846,-0.030000000000000027,-0.08000000000000007,-0.11000000000000004,-0.12000000000000005,-0.07000000000000006
566,-9.06475062149217,-0.07000000000000006,-0.08000000000000007,-0.10000000000000003,0.06999999999999995,-0.040000000000000036
567,-4.105848921785588,0.1399999999999999,-0.030000000000000027,-0.14000000000000007,-0.3400000000000001,-0.050000000000000044
568,-8.246369087917294,0.12,0.12,-0.07000000000000006,-0.41000000000000003,-0.030000000000000027
569,-0.41547536580944455,-0.09000000000000008,0.039999999999999925,-0.21000000000000008,-0.3500000000000001,-0.040000000000000036
570,1.067922906076931,-0.010000000000000009,-0.07000000000000006,-0.11000000000000004,-0.38000000000000006,-0.07000000000000006
571,9.468355431590748,-0.16000000000000003,-0.030000000000000027,0.04999999999999993,-0.3500000000000001,-0.08000000000000007
572,2.543454872220768,0.009999999999999898,-0.12000000000000005,-0.14000000000000007,-0.36000000000000004,-0.020000000000000018
573,-0.022670519752528318,-0.16000000000000003,-0.09000000000000008,-0.08000000000000007,-0.38000000000000006,-0.10000000000000003
574,5.320299960314545,-0.22000000000000003,-0.020000000000000018,-0.020000000000000018,-0.43000000000000005,-0.040000000000000036
575,-9.457220651203308,-0.13000000000000006,0.2699999999999999,-0.010000000000000009,-0.36000000000000004,-0.09000000000000008
576,2.434627290755329,-0.010000000000000009,0.08999999999999997,-0.06000000000000005,-0.28,-0.010000000000000009
577,5.0257969795640065,-0.2700000000000001,-0.10000000000000003,-0.020000000000000018,-0.29000000000000004,-0.07000000000000006
578,-6.5496453143776385,-0.10000000000000003,-0.14000000000000007,0.039999999999999925,-0.3500000000000001,-0.16000000000000003
579,6.964500374103091,0.24,0.25,-0.010000000000000009,-0.21000000000000008,-0.14000000000000007
580,2.8766309076864065,0.22999999999999998,0.17999999999999994,-0.07000000000000006,-0.23000000000000004,-0.08000000000000007
581,-1.0536506992896706,-0.11000000000000004,-0.08000000000000007,0.06999999999999995,0.10999999999999999,-0.08000000000000007
582,4.123989330531424,0.09999999999999998,-0.040000000000000036,-0.040000000000000036,-0.12000000000000005,0.0
583,12.376935299151151,-0.06000000000000005,-0.07000000000000006,0.029999999999999916,-0.09000000000000008,-0.07000000000000006
584,1.885825775504975,-0.020000000000000018,-0.040000000000000036,-0.020000000000000018,-0.36000000000000004,-0.010000000000000009
585,2.0272734487136637,-0.19000000000000006,-0.25000000000000006,-0.030000000000000027,-0.4,-0.030000000000000027
586,-1.5134512479538391,-0.13000000000000006,-0.17000000000000004,0.029999999999999916,-0.43000000000000005,-0.15000000000000008
587,-3.1908392145225264,-0.08000000000000007,-0.09000000000000008,-0.020000000000000018,-0.010000000000000009,-0.050000000000000044
588,5.272133582933727,0.039999999999999925,0.029999999999999916,-0.11000000000000004,-0.33000000000000007,-0.010000000000000009
589,-2.7058011261443817,-0.11000000000000004,0.16999999999999993,-0.09000000000000008,0.08999999999999997,-0.020000000000000018
590,1.259029189496917,0.09999999999999998,-0.020000000000000018,-0.07000000000000006,-0.4,-0.020000000000000018
591,-1.3814713399894663,-0.10000000000000003,-0.010000000000000009,0.04999999999999993,-0.43000000000000005,-0.09000000000000008
592,3.4812014040989134,-0.14000000000000007,-0.06000000000000005,-0.030000000000000027,-0.3400000000000001,-0.06000000000000005
593,3.0347531592361743,0.09999999999999998,0.09999999999999998,-0.24000000000000005,-0.020000000000000018,-0.050000000000000044
594,6.247962354090928,0.17999999999999994,0.0,-0.21000000000000008,-0.20000000000000007,-0.050000000000000044
595,-1.8009899398766362,0.32999999999999996,-0.040000000000000036,-0.15000000000000008,-0.30000000000000004,-0.040000000000000036
596,-0.5233781106723147,0.10999999999999999,-0.050000000000000044,-0.020000000000000018,-0.3500000000000001,-0.13000000000000006
597,-3.9302563035445828,0.019999999999999907,-0.10000000000000003,-0.10000000000000003,-0.22000000000000003,-0.06000000000000005
598,-0.7538138960950862,-0.16000000000000003,0.12,-0.06000000000000005,0.2599999999999999,-0.12000000000000005
599,3.0146650980256937,0.029999999999999916,0.009999999999999898,-0.13000000000000006,-0.30000000000000004,-0.050000000000000044
600,4.482433600438743,-0.17000000000000004,-0.26000000000000006,0.0,-0.44000000000000006,-0.030000000000000027
601,-3.447424345521173,0.039999999999999925,0.05999999999999994,-0.020000000000000018,-0.16000000000000003,-0.06000000000000005
602,5.416378470742637,-0.20000000000000007,-0.16000000000000003,-0.030000000000000027,-0.08000000000000007,-0.08000000000000007
603,7.677921418316547,-0.050000000000000044,-0.14000000000000007,0.0,-0.18000000000000005,-0.10000000000000003
604,3.1794865705156035,-0.15000000000000008,-0.020000000000000018,0.019999999999999907,-0.36000000000000004,-0.040000000000000036
605,10.112067933004665,0.009999999999999898,-0.16000000000000003,0.05999999999999994,-0.26000000000000006,-0.08000000000000007
606,-2.892763720150911,-0.040000000000000036,-0.06000000000000005,0.029999999999999916,-0.25000000000000006,-0.06000000000000005
607,-5.000657622720968,-0.14000000000000007,-0.030000000000000027,-0.030000000000000027,0.07999999999999996,-0.09000000000000008
608,-7.986250234392221,-0.06000000000000005,-0.10000000000000003,0.07999999999999996,-0.20000000000000007,-0.07000000000000006
609,8.406393611843015,0.039999999999999925,-0.050000000000000044,0.039999999999999925,-0.18000000000000005,-0.040000000000000036
610,3.989606285170243,-0.11000000000000004,-0.18000000000000005,0.07999999999999996,-0.42000000000000004,-0.020000000000000018
611,0.7390325392838416,0.039999999999999925,0.009999999999999898,0.07999999999999996,-0.040000000000000036,-0.09000000000000008
612,2.2318054069660556,-0.030000000000000027,-0.14000000000000007,0.019999999999999907,-0.2700000000000001,-0.06000000000000005
613,-4.4292970053680065,-0.15000000000000008,-0.040000000000000036,-0.030000000000000027,-0.15000000000000008,-0.17000000000000004
614,13.158650415296115,-0.11000000000000004,-0.13000000000000006,0.06999999999999995,-0.16000000000000003,0.029999999999999916
615,1.5544947800904734,-0.12000000000000005,-0.12000000000000005,0.10999999999999999,-0.21000000000000008,-0.08000000000000007
616,1.4783142563464065,0.019999999999999907,-0.040000000000000036,0.04999999999999993,-0.23000000000000004,-0.18000000000000005
617,4.749085523778931,0.009999999999999898,0.04999999999999993,-0.010000000000000009,-0.29000000000000004,-0.12000000000000005
618,3.485317168812739,0.009999999999999898,0.019999999999999907,0.019999999999999907,-0.21000000000000008,-0.07000000000000006
619,2.180902396762611,0.07999999999999996,0.07999999999999996,0.0,-0.3500000000000001,-0.06000000000000005
620,-2.9895401529347665,0.0,-0.06000000000000005,0.04999999999999993,-0.07000000000000006,-0.10000000000000003
621,3.1051927958091516,0.039999999999999925,-0.10000000000000003,0.029999999999999916,-0.4,-0.07000000000000006
622,10.414371352589505,-0.20000000000000007,-0.18000000000000005,0.0,-0.12000000000000005,-0.08000000000000007
623,7.724802506141843,-0.030000000000000027,-0.040000000000000036,0.04999999999999993,-0.21000000000000008,-0.06000000000000005
624,9.070805257488779,0.05999999999999994,0.029999999999999916,-0.020000000000000018,-0.09000000000000008,-0.10000000000000003
625,-1.6208262578641328,-0.010000000000000009,-0.06000000000000005,0.039999999999999925,-0.25000000000000006,-0.10000000000000003
626,-3.9256614684914712,0.019999999999999907,-0.030000000000000027,0.009999999999999898,-0.10000000000000003,-0.050000000000000044
627,0.34212129333787633,0.08999999999999997,-0.030000000000000027,-0.010000000000000009,-0.040000000000000036,-0.09000000000000008
628,1.539987194244906,-0.18000000000000005,-0.020000000000000018,-0.020000000000000018,-0.15000000000000008,-0.050000000000000044
629,6.55587348619086,0.019999999999999907,-0.030000000000000027,-0.06000000000000005,-0.030000000000000027,-0.09000000000000008
630,-7.560340515772664,0.04999999999999993,-0.10000000000000003,-0.050000000000000044,-0.19000000000000006,-0.050000000000000044
631,8.885929600703022,-0.010000000000000009,0.029999999999999916,-0.09000000000000008,0.07999999999999996,-0.020000000000000018
632,0.37379151723422555,-0.020000000000000018,0.07999999999999996,-0.06000000000000005,-0.43000000000000005,-0.07000000000000006
633,-0.6293427169356676,-0.16000000000000003,0.17999999999999994,-0.07000000000000006,-0.4,-0.050000000000000044
634,-3.725369472015366,0.19999999999999996,0.19999999999999996,-0.21000000000000008,-0.29000000000000004,-0.12000000000000005
635,-7.087692842116862,-0.050000000000000044,0.0,-0.050000000000000044,-0.14000000000000007,-0.030000000000000027
636,4.949615195176527,-0.13000000000000006,-0.24000000000000005,-0.06000000000000005,-0.2700000000000001,-0.06000000000000005
637,1.4363787061563553,-0.07000000000000006,-0.12000000000000005,-0.11000000000000004,-0.010000000000000009,-0.08000000000000007
638,-5.28040999849277,-0.24000000000000005,-0.11000000000000004,-0.12000000000000005,-0.36000000000000004,-0.010000000000000009
639,-5.278195856918126,-0.050000000000000044,0.039999999999999925,-0.050000000000000044,-0.30000000000000004,-0.020000000000000018
640,-0.5577489962381419,-0.07000000000000006,-0.10000000000000003,-0.14000000000000007,-0.10000000000000003,-0.010000000000000009
641,9.571289901813918,-0.06000000000000005,0.0,-0.07000000000000006,0.04999999999999993,-0.06000000000000005
642,-0.24382574668885137,-0.050000000000000044,-0.08000000000000007,-0.050000000000000044,-0.13000000000000006,-0.07000000000000006
643,-6.873921515843149,-0.040000000000000036,-0.18000000000000005,0.05999999999999994,-0.44000000000000006,-0.15000000000000008
644,-0.5179248032177379,-0.030000000000000027,-0.16000000000000003,0.009999999999999898,-0.44000000000000006,-0.030000000000000027
645,-0.33254579434125353,-0.050000000000000044,0.0,0.05999999999999994,-0.32000000000000006,-0.040000000000000036
646,-12.399138714495358,0.06999999999999995,0.039999999999999925,-0.06000000000000005,-0.29000000000000004,-0.010000000000000009
647,0.7147945376252748,-0.10000000000000003,-0.12000000000000005,-0.030000000000000027,-0.25000000000000006,-0.08000000000000007
648,-0.046194647643435394,0.019999999999999907,0.009999999999999898,-0.020000000000000018,0.1299999999999999,-0.020000000000000018
649,4.658009827467046,0.04999999999999993,0.029999999999999916,-0.09000000000000008,-0.07000000000000006,-0.020000000000000018
650,9.97588275009368,0.06999999999999995,-0.09000000000000008,0.0,-0.44000000000000006,-0.06000000000000005
651,6.697214017953122,-0.010000000000000009,-0.030000000000000027,-0.020000000000000018,-0.16000000000000003,-0.08000000000000007
652,-0.2487411774071988,-0.15000000000000008,-0.09000000000000008,0.019999999999999907,0.05999999999999994,-0.06000000000000005
653,-4.3531469109069185,-0.12000000000000005,-0.030000000000000027,-0.030000000000000027,-0.19000000000000006,-0.050000000000000044
654,13.682053516461803,0.009999999999999898,-0.16000000000000003,-0.08000000000000007,-0.32000000000000006,-0.010000000000000009
655,1.1881866702849404,-0.10000000000000003,-0.10000000000000003,0.0,-0.44000000000000006,-0.010000000000000009
656,1.0479588638502029,-0.09000000000000008,-0.10000000000000003,-0.010000000000000009,-0.28,-0.12000000000000005
657,0.7492455745791562,-0.17000000000000004,-0.21000000000000008,-0.07000000000000006,-0.39,-0.07000000000000006
658,1.809706079206229,0.019999999999999907,-0.18000000000000005,-0.16000000000000003,-0.3500000000000001,-0.06000000000000005
659,0.13351383421640461,-0.030000000000000027,-0.15000000000000008,-0.06000000000000005,-0.32000000000000006,-0.09000000000000008
660,-1.9581477590342273,-0.13000000000000006,-0.16000000000000003,-0.06000000000000005,-0.38000000000000006,-0.06000000000000005
661,-1.4568807515029274,-0.15000000000000008,0.029999999999999916,-0.10000000000000003,-0.37000000000000005,-0.20000000000000007
662,0.8809281491325073,0.019999999999999907,0.0,-0.040000000000000036,-0.31000000000000005,0.009999999999999898
663,-1.4912928455396521,-0.050000000000000044,0.08999999999999997,-0.030000000000000027,-0.37000000000000005,-0.07000000000000006
664,-2.1703356636384408,0.25,0.22999999999999998,-0.24000000000000005,-0.19000000000000006,-0.15000000000000008
665,1.6359021485886567,-0.12000000000000005,-0.15000000000000008,-0.2700000000000001,-0.3500000000000001,-0.07000000000000006
666,-0.14253368281880463,-0.07000000000000006,0.039999999999999925,-0.010000000000000009,-0.39,-0.12000000000000005
667,8.66329264207205,0.0,0.06999999999999995,-0.040000000000000036,-0.36000000000000004,-0.22000000000000003
668,-12.595458883896614,-0.14000000000000007,-0.28,0.009999999999999898,-0.38000000000000006,-0.14000000000000007
669,6.4505047768242925,-0.050000000000000044,-0.10000000000000003,-0.020000000000000018,-0.15000000000000008,-0.030000000000000027
670,7.237128237855099,0.039999999999999925,-0.050000000000000044,-0.040000000000000036,-0.11000000000000004,-0.06000000000000005
671,-9.36393526820463,-0.19000000000000006,-0.15000000000000008,-0.11000000000000004,-0.42000000000000004,-0.09000000000000008
672,-0.5195491001874077,-0.19000000000000006,-0.050000000000000044,0.009999999999999898,-0.16000000000000003,-0.08000000000000007
673,-0.8882533198497848,-0.20000000000000007,-0.17000000000000004,-0.010000000000000009,-0.30000000000000004,-0.07000000000000006
674,-6.192883973376607,-0.06000000000000005,-0.20000000000000007,-0.030000000000000027,-0.15000000000000008,-0.010000000000000009
675,-2.6413811625874226,0.029999999999999916,0.019999999999999907,-0.17000000000000004,-0.040000000000000036,-0.06000000000000005
676,-4.678501223929189,0.21999999999999997,0.06999999999999995,-0.030000000000000027,-0.43000000000000005,-0.020000000000000018
677,10.118314849919546,-0.09000000000000008,0.029999999999999916,-0.19000000000000006,-0.25000000000000006,-0.050000000000000044
678,5.949474598538739,-0.08000000000000007,0.05999999999999994,-0.040000000000000036,-0.26000000000000006,-0.050000000000000044
679,7.618953478370749,-0.030000000000000027,0.04999999999999993,-0.050000000000000044,-0.07000000000000006,-0.020000000000000018
680,4.790950837428159,-0.08000000000000007,-0.020000000000000018,-0.030000000000000027,0.039999999999999925,-0.030000000000000027
681,-4.497996580719192,-0.23000000000000004,-0.10000000000000003,-0.030000000000000027,-0.2700000000000001,-0.06000000000000005
682,-1.5865892770017695,-0.20000000000000007,-0.12000000000000005,-0.050000000000000044,-0.39,0.039999999999999925
683,3.214075081506544,-0.17000000000000004,-0.22000000000000003,0.12,-0.26000000000000006,-0.06000000000000005
684,-5.023241434501812,-0.45000000000000007,-0.15000000000000008,0.10999999999999999,-0.43000000000000005,-0.11000000000000004
685,4.772870154261895,-0.16000000000000003,-0.030000000000000027,-0.12000000000000005,-0.38000000000000006,-0.020000000000000018
686,-0.20056471542372112,-0.09000000000000008,-0.06000000000000005,-0.010000000000000009,-0.37000000000000005,0.05999999999999994
687,-0.6166214049465548,-0.21000000000000008,-0.06000000000000005,-0.12000000000000005,-0.29000000000000004,-0.050000000000000044
688,4.377654341229957,-0.20000000000000007,-0.26000000000000006,-0.06000000000000005,-0.37000000000000005,-0.010000000000000009
689,3.1282886118272977,-0.07000000000000006,-0.12000000000000005,-0.050000000000000044,-0.38000000000000006,-0.040000000000000036
690,-0.7330387746983009,-0.21000000000000008,-0.12000000000000005,-0.020000000000000018,-0.30000000000000004,-0.040000000000000036
691,6.559803517033739,-0.13000000000000006,-0.28,-0.030000000000000027,-0.22000000000000003,-0.010000000000000009
692,-4.309846120787503,-0.23000000000000004,-0.08000000000000007,-0.010000000000000009,-0.4,-0.030000000000000027
693,3.6918101590131114,-0.11000000000000004,-0.3500000000000001,-0.07000000000000006,-0.32000000000000006,-0.10000000000000003
694,3.6432372999710916,-0.12000000000000005,-0.22000000000000003,0.04999999999999993,-0.43000000000000005,-0.07000000000000006
695,-0.9495416793579676,0.30999999999999994,-0.09000000000000008,0.039999999999999925,-0.09000000000000008,0.029999999999999916
696,2.849527744012023,-0.26000000000000006,-0.010000000000000009,0.019999999999999907,-0.4,0.04999999999999993
697,-5.306625249125082,-0.2700000000000001,-0.22000000000000003,-0.010000000000000009,-0.32000000000000006,-0.050000000000000044
698,5.698007150431604,0.18999999999999995,0.10999999999999999,-0.050000000000000044,-0.2700000000000001,-0.040000000000000036
699,0.041991593152008955,-0.09000000000000008,-0.09000000000000008,-0.06000000000000005,-0.41000000000000003,-0.06000000000000005
